episode_id,season,episode,episode_code,title,airdate,year,runtime_minutes,rating,summary,source_url,summary_word_count,rule_category_count,primary_rule_theme,conflict_signal_count,conflict_signals_per_100_words,synopsis_friction_score,character_count,theme__Etiquette & manners,theme__Truth & trust,theme__Space & access,theme__Relationships & loyalty,theme__Identity & language,theme__Money & exchange,theme__Health & body,theme__Reputation & status,character__Larry,character__Cheryl,character__Jeff,character__Susie,character__Leon,character__Richard,character__Ted,character__Marty
51109,1,1,S01E01,The Pants Tent,2000-10-15,2000,30,7.3,"Larry's baggy new pants create awkward misunderstandings among Larry, Cheryl, and her friend. A movie-theater argument with a female 'stranger' leads to tensions between Larry and his best friend. Larry jokingly refers to Cheryl as ""Hitler"" during a car speakerphone conversation with Jeff and his attempts to hide it from her—and to appease Jeff's Holocaust-sensitive parents—backfired disastrously.",https://www.tvmaze.com/episodes/51109/curb-your-enthusiasm-1x01-the-pants-tent,61,3,Relationships & loyalty,5,8.197,81.32,3,0,1,2,5,0,0,0,0,1,1,1,0,0,0,0,0
51110,1,2,S01E02,Ted and Mary,2000-10-22,2000,30,7.3,"Larry and Cheryl enjoy their bowling double-date with Ted Danson and Mary Steenburgen, but it ends badly when Larry accuses the bowling alley of misplacing his sneakers. Later, Ted gets the wrong idea about Larry when he goes shopping with Mary at a downtown department store.",https://www.tvmaze.com/episodes/51110/curb-your-enthusiasm-1x02-ted-and-mary,47,3,Relationships & loyalty,1,2.128,36.64,3,0,1,1,2,0,0,0,0,1,1,0,0,0,0,1,0
51111,1,3,S01E03,Porno Gil,2000-10-29,2000,30,7.5,"By not picking up a golf ball that drops out of a bucket carried by a man in a tacky western hat, Larry sets off a bizarre chain of events in which he's forced to attend a party at the home of a porno businessman named Gil, getting lost with Cheryl along the way. The party ends up being a disaster, as Larry refuses to take off his shoes, breaks a lamp, loses his watch, is forced to do a dreaded ""double goodbye."" Meanwhile, Jeff is hospitalized for emergency bypass surgery and asks Larry to remove the secret porno stash at his home so his wife doesn't find it. While carrying out the favor, Larry discovers a familiar face on one of the video boxes.",https://www.tvmaze.com/episodes/51111/curb-your-enthusiasm-1x03-porno-gil,125,6,Space & access,2,1.6,79.0,3,2,1,3,2,0,1,1,0,1,1,1,0,0,0,0,0
51112,1,4,S01E04,The Bracelet,2000-11-05,2000,30,7.1,"Larry wants to buy a bracelet for Cheryl, but he is not buzzed into the store because he is wearing his workout clothes and looks like a slob. Richard then decides to buy it for his girlfriend instead, upsetting Cheryl. Larry and Richard Lewis help a blind man move into his apartment but he becomes belligerent and ungrateful. Larry returns to a restaurant where he left behind his credit card, but his car is blocked in by the waiter captain because Larry did not tip him the previous day. Larry runs to the jewelry store to try to prevent Richard from buying the bracelet; they fight outside the door because neither is buzzed in.",https://www.tvmaze.com/episodes/51112/curb-your-enthusiasm-1x04-the-bracelet,114,5,Money & exchange,2,1.754,66.0,3,2,0,5,3,0,6,0,1,1,1,0,0,0,1,0,0
51113,1,5,S01E05,Interior Decorator,2000-11-12,2000,30,7.5,"By politely holding the elevator door for a woman in an office building, Larry ends up losing his place before her at the doctor's office, and is delayed 40 minutes. As a result, Larry ends up missing an important meeting with Diane Keaton. At home, Larry and Cheryl are visited by their interior decorator, who has Keaton's phone number but won't give it to Larry even though the actress called and left her number, which Larry couldn't decipher because of static. Thanks to Jeff, however, Larry is able to go to Keaton's house, where he runs into his decorator, gets into a fight, and breaks Diane's lamp -- the same type that was in Porno Gil's pad.",https://www.tvmaze.com/episodes/51113/curb-your-enthusiasm-1x05-interior-decorator,115,4,Space & access,1,0.87,51.0,3,1,0,3,1,0,0,1,0,1,1,1,0,0,0,0,0
51114,1,6,S01E06,The Wire,2000-11-19,2000,30,7.8,"Cheryl gives Larry an ultimatum - bury the wire in the backyard - or else! But the permit the city gives Larry requires six signatures from his neighbors, and that means having to be nice to them at all costs - or else.",https://www.tvmaze.com/episodes/51114/curb-your-enthusiasm-1x06-the-wire,40,1,Relationships & loyalty,0,0.0,12.8,2,0,0,0,1,0,0,0,0,1,1,0,0,0,0,0,0
51115,1,7,S01E07,AAMCO,2000-11-26,2000,30,7.1,"Jeff buys a '57 Chevy and insists that Larry take it for a drive. At a stop sign, Larry mistakes the honking horn from an AAMCO commercial for the car behind him and yells at the other driver, who then hits the Chevy and speeds away. Luckily, Larry meets an antique auto mechanic at a dinner party who says he can fix Jeff's Chevy.",https://www.tvmaze.com/episodes/51115/curb-your-enthusiasm-1x07-aamco,63,3,Etiquette & manners,0,0.0,31.56,2,2,0,1,0,0,1,0,0,1,0,1,0,0,0,0,0
51116,1,8,S01E08,Beloved Aunt,2000-12-03,2000,30,8.1,"When Cheryl's aunt dies, the family asks Larry to write the obituary. But when it gets printed in the newspaper, an unfortunate typo lands Larry in the hot seat.",https://www.tvmaze.com/episodes/51116/curb-your-enthusiasm-1x08-beloved-aunt,29,2,Relationships & loyalty,0,0.0,19.48,2,0,0,1,2,0,0,0,0,1,1,0,0,0,0,0,0
51117,1,9,S01E09,Affirmative Action,2000-12-10,2000,30,7.6,"Cheryl needs a prescription picked up for a terrible rash, which is repeatedly complicated by Larry, including a bad joke that he tells in front of Richard Lewis' doctor.",https://www.tvmaze.com/episodes/51117/curb-your-enthusiasm-1x09-affirmative-action,29,2,Relationships & loyalty,0,0.0,19.48,3,0,0,0,1,0,0,1,0,1,1,0,0,0,1,0,0
51118,1,10,S01E10,The Group,2000-12-17,2000,30,7.8,"Thanks to Larry's manager, Jeff, Cheryl is up for a part in ""The Vagina Monologues."" Meanwhile, Larry runs into an ex, who asks him to attend a survivors-of-incest support group with her to lend moral support while she deals with her past.",https://www.tvmaze.com/episodes/51118/curb-your-enthusiasm-1x10-the-group,44,2,Etiquette & manners,0,0.0,21.28,3,1,0,0,1,0,0,0,0,1,1,1,0,0,0,0,0
51119,2,1,S02E01,The Car Salesman,2001-09-23,2001,30,8.1,"Living out of a hotel (they were fed up with ""the wire"" at their old home), Larry and Cheryl make a successful bid on a seaside chateau owned by Jason Alexander's new agent, Jay Schneider. Moving in, however, they learn their new dream home has a disturbing ""house sound"" of unknown origin. Meanwhile, Larry shocks his wife and friends by deciding to take a job as a car salesman, but is foiled by when ""high maintenance"" friend Richard Lewis shows up at the dealership.",https://www.tvmaze.com/episodes/51119/curb-your-enthusiasm-2x01-the-car-salesman,84,3,Relationships & loyalty,0,0.0,34.08,3,0,0,2,4,0,1,0,0,1,1,0,0,0,1,0,0
51120,2,2,S02E02,Thor,2001-09-30,2001,30,7.9,"While going to meet Jason Alexander to discuss an idea for a new TV project, Larry has a run-in with professional wrestler Thor Olsen. Thor accuses Larry of ""shooting at his kids"", and Larry thinks Thor slashed his tires. Meanwhile, Jeff separates from Suzie, and asks Larry to go pick up his clothes. Doing so incurs the wrath of Suzie, and he asks Jeff to repay the favor by letting the air out of Thor's tires.",https://www.tvmaze.com/episodes/51120/curb-your-enthusiasm-2x02-thor,77,1,Truth & trust,1,1.299,24.24,2,0,1,0,0,0,0,0,0,1,0,1,0,0,0,0,0
51121,2,3,S02E03,Trick or Treat,2001-10-07,2001,30,8.3,"Larry offends some uncostumed trick or treaters when he doesn't give them candy. By doing so, he sees the ""trick"" side of Halloween. Larry also alienates Cheryl's screenwriter friend Cliff, and a Jewish neighbor. Larry also spoils his romantic anniversary present when Jeff shows up to play a round of golf.",https://www.tvmaze.com/episodes/51121/curb-your-enthusiasm-2x03-trick-or-treat,51,4,Relationships & loyalty,1,1.961,45.12,3,0,0,1,2,1,0,0,1,1,1,1,0,0,0,0,0
51122,2,4,S02E04,The Shrimp Incident,2001-10-14,2001,30,8.1,"Larry gets take out food and has a run-in with a TV executive, the same one he is about to meet with to discuss his TV pilot idea. But after getting home, he accuses the network exec of taking some shrimp from his dinner.",https://www.tvmaze.com/episodes/51122/curb-your-enthusiasm-2x04-the-shrimp-incident,45,2,Etiquette & manners,1,2.222,28.4,1,1,1,0,0,0,0,0,0,1,0,0,0,0,0,0,0
51123,2,5,S02E05,The Thong,2001-10-21,2001,30,7.4,Larry no longer feels comfortable going to his psychiatrist after he sees him wearing a thong at the beach.,https://www.tvmaze.com/episodes/51123/curb-your-enthusiasm-2x05-the-thong,19,0,Other social friction,0,0.0,2.28,1,0,0,0,0,0,0,0,0,1,0,0,0,0,0,0,0
51124,2,6,S02E06,The Acupuncturist,2001-10-28,2001,30,7.4,"Larry promises to pay an acupuncturist $5,000 if he can cure his neck. Meanwhile, a struggling writer asks Larry for a $5,000 loan which he promises to pay back after his father dies.",https://www.tvmaze.com/episodes/51124/curb-your-enthusiasm-2x06-the-acupuncturist,31,2,Money & exchange,0,0.0,19.72,1,0,2,0,0,0,3,0,0,1,0,0,0,0,0,0,0
51125,2,7,S02E07,The Doll,2001-11-04,2001,30,8.9,"As part of a deal with ABC, Larry agrees to attend a screening of a new mini series. While at the after-party, Larry finds that the bathroom doors have no locks, so he goes to use the upstairs bathroom, and the network exec's daughter asks him to cut the hair off her doll's head. He does so, but it incurs the wrath of Suzie, a theater-goer, and the network exec's wife.",https://www.tvmaze.com/episodes/51125/curb-your-enthusiasm-2x07-the-doll,73,3,Space & access,0,0.0,32.76,1,1,0,3,1,0,0,0,0,1,0,0,0,0,0,0,0
51126,2,8,S02E08,Shaq,2001-11-11,2001,30,8.8,"After Larry accidentally trips and injures Shaq during a Lakers game, everything seems to start going his way.",https://www.tvmaze.com/episodes/51126/curb-your-enthusiasm-2x08-shaq,18,0,Other social friction,0,0.0,2.16,1,0,0,0,0,0,0,0,0,1,0,0,0,0,0,0,0
51127,2,9,S02E09,The Baptism,2001-11-18,2001,30,7.8,"Cheryl and Larry head to Monterey to attend her sister's wedding. Larry is peeved that the man her sister is marrying is a Jewish man converting to Christianity. But Larry has even bigger fish to fry when he misplaces his plane tickets, and accuses the other passengers of stealing them.",https://www.tvmaze.com/episodes/51127/curb-your-enthusiasm-2x09-the-baptism,50,5,Identity & language,1,2.0,53.0,2,1,1,1,1,2,0,0,0,1,1,0,0,0,0,0,0
51128,2,10,S02E10,The Massage,2001-11-25,2001,30,8.2,"In the second season finale, Larry is busted by a restaurant owner for stealing forks. Julia Louis-Dreyfus becomes so frustrated by the incident that she drops out of the pilot, and that ends Larry's quest to get it on TV. Meanwhile, Cheryl learns that Larry got a naughty massage, and he's busted for that. Larry later faces an ironic punishment for his restaurant crimes.",https://www.tvmaze.com/episodes/51128/curb-your-enthusiasm-2x10-the-massage,65,3,Space & access,0,0.0,31.8,2,0,0,2,1,0,2,0,0,1,1,0,0,0,0,0,0
51129,3,1,S03E01,Chet's Shirt,2002-09-15,2002,30,8.4,"While comforting a friend whose husband passed away, Larry and Cheryl comment on the husband's shirt. Larry then goes to the department store the next day to buy it. Meanwhile, Jeff talks Larry into investing in a trendy new celebrity restaurant. Larry also gets into trouble when he throws away some trash in a random garbage can.",https://www.tvmaze.com/episodes/51129/curb-your-enthusiasm-3x01-chets-shirt,57,4,Relationships & loyalty,1,1.754,45.84,3,0,0,2,4,0,2,0,1,1,1,1,0,0,0,0,0
51130,3,2,S03E02,The Benadryl Brownie,2002-09-22,2002,30,7.4,"Thanks to Larry's miscommunication on his new cell phone, Richard Lewis' girlfriend succumbs to peanut allergies a week before they're supposed to go to the Emmy Awards. A practicing Christian Scientist, she doesn't take any medicine, so Richard and Larry devise a scheme to cook up some brownies laced with medicine. Like all things Larry does, the plan backfires.",https://www.tvmaze.com/episodes/51130/curb-your-enthusiasm-3x02-the-benadryl-brownie,59,3,Etiquette & manners,1,1.695,43.08,2,1,0,0,1,1,0,0,0,1,0,0,0,0,1,0,0
51131,3,3,S03E03,Club Soda and Salt,2002-09-29,2002,30,7.6,"Larry, Jeff, and Ted scramble to find a chef for the new restaurant, but Larry doesn't like Ted's recommendation. While trying to find a replacement, Larry learns a few things - Cheryl has a new, male, tennis playing friend, people won't take a wedding gift after a year, and that club soda and salt will get stains out of anything.",https://www.tvmaze.com/episodes/51131/curb-your-enthusiasm-3x03-club-soda-and-salt,59,4,Etiquette & manners,0,0.0,39.08,4,2,0,2,2,0,1,0,0,1,1,1,0,0,0,1,0
51132,3,4,S03E04,The Nanny from Hell,2002-10-06,2002,30,7.8,"The restaurant investors plan a pool party, but only Larry and Jeff show up. Larry goes to use the bathroom in the main house, and winds up getting the nanny fired. Larry recommends the nanny to Jeff and Susie. After the nanny snaps, Suzie's life is threatened. Meanwhile, Richard Lewis tries to get into Bartlett's Book Of Quotations for claiming to have invented the phrase ""the ______ from hell"".",https://www.tvmaze.com/episodes/51132/curb-your-enthusiasm-3x04-the-nanny-from-hell,68,3,Space & access,1,1.471,39.16,4,1,0,2,0,0,1,0,0,1,0,1,1,0,1,0,0
51133,3,5,S03E05,The Terrorist Attack,2002-10-13,2002,30,7.9,"Wanda Sykes unknowingly starts a rumor about a terrorist attack when she tells Larry about it. Meanwhile, Cheryl's friend is planning a benefit concert with Alanis Morisette performing. When people skip town because of the rumors, the benefit is canceled, and the blame is placed squarely on Larry.",https://www.tvmaze.com/episodes/51133/curb-your-enthusiasm-3x05-the-terrorist-attack,48,2,Truth & trust,0,0.0,21.76,2,0,2,0,2,0,0,0,0,1,1,0,0,0,0,0,0
51134,3,6,S03E06,The Special Section,2002-10-20,2002,30,8.0,"Larry is distraught when he learns that his mother died while he was off shooting a movie in New York, and he doesn't learn about the news until two days after the funeral. Larry uses the loss to get out of a number of unappealing invitations, while plotting to move his mother away from the ""special section"" of the cemetery.",https://www.tvmaze.com/episodes/51134/curb-your-enthusiasm-3x06-the-special-section,60,2,Etiquette & manners,0,0.0,23.2,1,2,0,0,0,0,0,1,0,1,0,0,0,0,0,0,0
51135,3,7,S03E07,The Corpse-Sniffing Dog,2002-10-27,2002,30,7.9,"Suzie buys a guard dog, and Jeff has to leave the house because of allergies. Larry has to persuade Jeff's daughter Sammy to give up the dog, but Sammy wont. Larry, concerned, tries to find a way to please both Jeff and some friends who are also vying for the dog.",https://www.tvmaze.com/episodes/51135/curb-your-enthusiasm-3x07-the-corpse-sniffing-dog,51,2,Relationships & loyalty,0,0.0,22.12,2,0,0,0,1,0,1,0,0,1,0,1,0,0,0,0,0
51136,3,8,S03E08,Krazee-Eyez Killa,2002-11-03,2002,30,8.0,"Wanda Sykes' has a new boyfriend, gangsta rapper Krazee-Eyez Killa, who shares a little more with his new friend Larry David than a replacement jacket needed for a scene in the new Martin Scorcese film. Meanwhile, Larry offends Suzie by not taking the tour of her new house. Ultimately, in typical Larry David fashion, he ruins everything, through a conversation he has with Cheryl, where she does all the talking.",https://www.tvmaze.com/episodes/51136/curb-your-enthusiasm-3x08-krazee-eyez-killa,71,2,Relationships & loyalty,1,1.408,31.52,2,0,0,0,3,0,0,0,1,1,1,0,0,0,0,0,0
51137,3,9,S03E09,"Mary, Joseph and Larry",2002-11-10,2002,30,7.6,"It's December 23rd, and Larry gets up to get a midnight snack. He eats some cookies in the refrigerator. Unfortunately, those cookies were a nativity scene that Cheryl's devoutly religious sister was preparing, and being Christmas Eve, it's too late to get a replacement. Larry scrambles to find a replacement, which he does in the form of a live nativity scene at a local church. But a hair stuck in Larry's throat means no nativity scene.",https://www.tvmaze.com/episodes/51137/curb-your-enthusiasm-3x09-mary-joseph-and-larry,76,1,Relationships & loyalty,0,0.0,17.12,2,0,0,0,1,0,0,0,0,1,1,0,0,0,0,0,0
51138,3,10,S03E10,The Grand Opening,2002-11-17,2002,30,8.0,"In the third season finale, Bobo's Restaurant is two days away from being scheduled to open. Larry discovers that the head chef was hired under false pretenses for pretending to be bald. After firing the chef, Larry and Jeff scramble to find a replacement. During the process, Larry accidentally injures the most influential food critic in Los Angeles, who is coming to the opening. The food critic recommends a chef from New York, who turns out to have a rather interesting quirk. Meanwhile, Cheryl has a tense confrontation with Susie after she bails on lunch after getting stuck in a car wash.",https://www.tvmaze.com/episodes/51138/curb-your-enthusiasm-3x10-the-grand-opening,102,3,Space & access,1,0.98,43.0,4,0,0,2,1,0,1,0,0,1,1,1,1,0,0,0,0
51139,4,1,S04E01,Mel's Offer,2004-01-04,2004,30,7.7,"Mel Brooks sees Larry performing some karaoke at a bar one night and is quickly impressed with his singing abilities. He then invites Larry to audition to star in a Broadway production of ""The Producers"". But the deal quickly goes south once Mel hits Larry in the head and Larry's doctor drools on him.",https://www.tvmaze.com/episodes/51139/curb-your-enthusiasm-4x01-mels-offer,54,2,Etiquette & manners,0,0.0,22.48,1,1,0,0,0,0,0,1,0,1,0,0,0,0,0,0,0
51140,4,2,S04E02,Ben's Birthday Party,2004-01-11,2004,30,8.0,"Mel Brooks taps Ben Stiller to be Larry's co-star in The Producers. But when Larry accidentally punctures Ben Stiller in the eye during a birthday party game gone wrong, Ben drops out of the production.",https://www.tvmaze.com/episodes/51140/curb-your-enthusiasm-4x02-bens-birthday-party,36,1,Etiquette & manners,0,0.0,12.32,1,2,0,0,0,0,0,0,0,1,0,0,0,0,0,0,0
51141,4,3,S04E03,The Blind Date,2004-01-18,2004,30,8.4,"Larry makes a last-ditch effort to keep Ben Stiller in The Producers, and tries to keep a friend happy by setting him up with a blind date. Meanwhile, Jeff's bizarre sexual fantasy gets out in the open.",https://www.tvmaze.com/episodes/51141/curb-your-enthusiasm-4x03-the-blind-date,38,1,Relationships & loyalty,0,0.0,12.56,2,0,0,0,2,0,0,0,0,1,0,1,0,0,0,0,0
51142,4,4,S04E04,The Weatherman,2004-01-25,2004,30,8.1,Larry questions a weatherman's ability to manipulate the media so he can have the country club to himself.,https://www.tvmaze.com/episodes/51142/curb-your-enthusiasm-4x04-the-weatherman,18,1,Space & access,0,0.0,10.16,1,0,0,1,0,0,0,0,0,1,0,0,0,0,0,0,0
51143,4,5,S04E05,The 5 Wood,2004-02-01,2004,30,7.9,"Still thinking he flirted with her, Dalilah the Hygienist officially asks Larry out, but Oscar the dog causes a problem. Leo Funkhauser succumbs to the ""good"" Hodgkin's. During the viewing, Larry is disgusted to see what appears to be his five wood in the casket with Leo, and asks Jeff to switch clubs with Leo. The result of the incident finds Larry being kicked out of the country club and having to cheat his way into a republican club.",https://www.tvmaze.com/episodes/51143/curb-your-enthusiasm-4x05-the-5-wood,79,1,Space & access,0,0.0,17.48,2,0,0,3,0,0,0,0,0,1,0,1,0,0,0,0,0
51144,4,6,S04E06,The Car Pool Lane,2004-02-08,2004,30,8.7,"Larry scrambles to find tickets to a very promising Dodger game. But before he can go, he has to take care of a few things first. The duties include getting out of jury duty, driving a friend to the airport, and scoring some medical marijuana for his dad's glaucoma. Thankfully a run-in with a rather large hooker helps make all the chores easier.",https://www.tvmaze.com/episodes/51144/curb-your-enthusiasm-4x06-the-car-pool-lane,64,4,Space & access,0,0.0,39.68,1,1,0,2,1,0,0,1,0,1,0,0,0,0,0,0,0
51145,4,7,S04E07,The Surrogate,2004-02-22,2004,30,8.3,"Larry needs a clean bill of health for the Producers, but a little heart trouble means no dice. The doctor gives Larry a device called a ""heart holter"" that is used to monitor his heart. Larry uses the device to get out of some unappealing situations including a baby shower, accusations of blatant racism, and a car accident, which lands him in trouble with his Producers co-star David Schwimmer.",https://www.tvmaze.com/episodes/51145/curb-your-enthusiasm-4x07-the-surrogate,70,3,Health & body,2,2.857,46.4,1,0,0,1,0,0,1,5,0,1,0,0,0,0,0,0,0
51146,4,8,S04E08,Wandering Bear,2004-02-29,2004,30,7.9,"Larry and Jeff decide to buy a ""Girls Gone Wild"" video tape, and that lands them both in the hot seat with Larry's secretary and Jeff's wife after the dog leaves the house during the viewing of the tape. Meanwhile, Larry seeks the help of his native American gardener to cure Cheryl of a feminine problem after Larry mistakenly wears a condom inside out.",https://www.tvmaze.com/episodes/51146/curb-your-enthusiasm-4x08-wandering-bear,64,4,Relationships & loyalty,0,0.0,39.68,3,0,1,1,2,0,1,0,0,1,1,1,0,0,0,0,0
51147,4,9,S04E09,The Survivor,2004-03-07,2004,30,8.3,"At a dinner party, generations collide when a contestant from the television show ""Survivor"" and a holocaust survivor butt heads, and Larry is caught in the middle. Larry and Cheryl renew their vows, but Larry has a hard time remembering his vows - or his lines for The Producers.",https://www.tvmaze.com/episodes/51147/curb-your-enthusiasm-4x09-the-survivor,48,3,Etiquette & manners,0,0.0,29.76,2,2,0,1,1,0,0,0,0,1,1,0,0,0,0,0,0
51148,4,10,S04E10,Opening Night,2004-03-14,2004,60,8.9,"In the fourth-season finale, Larry David flies to New York with fellow performers David Schwimmer and Cady Huffman to star on Broadway in ""The Producers"". Along the way, he argues with Schwimmer, develops a strange relationship with Huffman, finds he's tipping way too often and attempts to use his 10th anniversary gift from Cheryl. On stage, Larry and David put aside their differences and blow the audience away - unexpectedly, Mel Brooks isn't impressed.",https://www.tvmaze.com/episodes/51148/curb-your-enthusiasm-4x10-opening-night,74,3,Etiquette & manners,0,0.0,32.88,2,3,0,0,1,0,1,0,0,1,1,0,0,0,0,0,0
51149,5,1,S05E01,The Larry David Sandwich,2005-09-25,2005,30,7.4,"Larry is changed by a near-death experience, a revelation about his father, and a sandwich named after him.",https://www.tvmaze.com/episodes/51149/curb-your-enthusiasm-5x01-the-larry-david-sandwich,19,1,Health & body,0,0.0,10.28,1,0,0,0,0,0,0,1,0,1,0,0,0,0,0,0,0
51150,5,2,S05E02,The Bowtie,2005-10-02,2005,30,8.2,"Wanda Sykes thinks Larry purposefully adopted a dog she deems ""racist"", Larry falls off his pedestal as a friend of the lesbian community, and Larry hires a private investigator to uncover some information about his past.",https://www.tvmaze.com/episodes/51150/curb-your-enthusiasm-5x02-the-bowtie,36,1,Relationships & loyalty,0,0.0,12.32,1,0,0,0,1,0,0,0,0,1,0,0,0,0,0,0,0
51151,5,3,S05E03,The Christ Nail,2005-10-09,2005,30,8.5,"Larry goes bra-shopping for his maid, landing him in trouble with her husband and his neighbors.",https://www.tvmaze.com/episodes/51151/curb-your-enthusiasm-5x03-the-christ-nail,17,1,Relationships & loyalty,1,5.882,17.04,1,0,0,0,1,0,0,0,0,1,0,0,0,0,0,0,0
51152,5,4,S05E04,Kamikaze Bingo,2005-10-16,2005,30,8.3,"Larry offends a Japanese art dealer by implying that his father was not a real Kamikaze pilot. Later, Larry accuses his own dad's retirement home of fixing their bingo game.",https://www.tvmaze.com/episodes/51152/curb-your-enthusiasm-5x04-kamikaze-bingo,30,2,Truth & trust,2,6.667,33.6,1,0,1,0,0,0,0,0,1,1,0,0,0,0,0,0,0
51153,5,5,S05E05,Lewis Needs a Kidney,2005-10-30,2005,30,8.0,"Larry learns that Richard Lewis is bedridden and needs a kidney transplant. Larry and Jeff both turn up as positive matches for Lewis, but neither one are willing to give up their precious organs that easily.",https://www.tvmaze.com/episodes/51153/curb-your-enthusiasm-5x05-lewis-needs-a-kidney,36,1,Health & body,0,0.0,12.32,3,0,0,0,0,0,0,1,0,1,0,1,0,0,1,0,0
51154,5,6,S05E06,The Smoking Jacket,2005-11-06,2005,30,8.1,"Larry joins the ""Make A Wish"" foundation, and swaps his smoking jacket with Hugh Hefner.",https://www.tvmaze.com/episodes/51154/curb-your-enthusiasm-5x06-the-smoking-jacket,15,0,Other social friction,0,0.0,1.8,1,0,0,0,0,0,0,0,0,1,0,0,0,0,0,0,0
51155,5,7,S05E07,The Seder,2005-11-13,2005,30,8.7,"A sex offender (Rob Corddry) moves into the neighborhood, and becomes friends with Larry. Larry also suspects that Dr. Mark is stealing his newspaper, after his neighbor Ethel claims she saw him take it. Tension mounts when all of these people are guests at Larry's Passover Seder.",https://www.tvmaze.com/episodes/51155/curb-your-enthusiasm-5x07-the-seder,47,4,Etiquette & manners,2,4.255,51.64,1,1,1,0,1,0,0,0,1,1,0,0,0,0,0,0,0
51156,5,8,S05E08,The Ski Lift,2005-11-20,2005,30,8.8,"Larry's quest to get Richard Lewis a kidney takes a turn when Larry learns about the head of the kidney consortium. After befriending the guy, Larry invites him and his daughter on a ski trip. Like everything Larry does, the trip ends as badly as it started.",https://www.tvmaze.com/episodes/51156/curb-your-enthusiasm-5x08-the-ski-lift,47,2,Health & body,0,0.0,21.64,2,1,0,0,0,0,0,2,0,1,0,0,0,0,1,0,0
51157,5,9,S05E09,The Korean Bookie,2005-11-27,2005,30,8.5,"Larry takes his chances with a Korean Bookie. While Cheryl's friends get married on the beach, Larry accuses the Korean Bookie of cooking up Jeff's dog and serving him for dinner.",https://www.tvmaze.com/episodes/51157/curb-your-enthusiasm-5x09-the-korean-bookie,31,3,Relationships & loyalty,1,3.226,34.72,3,1,1,0,2,0,0,0,0,1,1,1,0,0,0,0,0
51158,5,10,S05E10,The End,2005-12-04,2005,42,8.8,"In the 5th season finale, Larry discovers who his real parents are, and flies to Arizona to meet them. After a life-changing religious revelation, Larry decides to give Richard Lewis his kidney. Will Larry survive the operation... or is it the end?",https://www.tvmaze.com/episodes/51158/curb-your-enthusiasm-5x10-the-end,43,2,Relationships & loyalty,0,0.0,21.16,2,0,0,0,1,0,0,1,0,1,0,0,0,0,1,0,0
51159,6,1,S06E01,Meet The Blacks,2007-09-09,2007,30,8.8,"After Larry's quest to find the perfect excuse for missing a pair of parties backfires on him big time, he gets in a tense, heated fight with Cheryl. So to make up for it, he agrees to take in the Black Family, who lost their home in Hurricane Edna. But can the Blacks deal with Larry's total recklessness and lack of respect, not to mention his poorly planned pastry selection?",https://www.tvmaze.com/episodes/51159/curb-your-enthusiasm-6x01-meet-the-blacks,70,3,Relationships & loyalty,2,2.857,51.4,2,0,0,0,2,2,0,0,1,1,1,0,0,0,0,0,0
51160,6,2,S06E02,The Anonymous Donor,2007-09-16,2007,30,8.5,"Larry decides to be nice for a change and actually donate money to a worthy cause. But when he's revealed to be the anonymous donor for the hospital wing, Larry goes ballistic. He then accuses a dry cleaner of giving his jersey to someone else, and goes off in search of it. Meanwhile, Larry, Jeff, and the Blacks get their reputation stained.",https://www.tvmaze.com/episodes/51160/curb-your-enthusiasm-6x02-the-anonymous-donor,62,5,Truth & trust,1,1.613,54.44,2,0,1,0,0,1,1,1,1,1,0,1,0,0,0,0,0
51161,6,3,S06E03,The Ida Funkhouser Roadside Memorial,2007-09-23,2007,30,8.5,"A sweaty $50 bill, a sample abuser, a roadside memorial, and a private school superintendent are all things that intimidate Larry while he tries to help Marty Funkhauser cope with the sudden death of his mother in a freak accident.",https://www.tvmaze.com/episodes/51161/curb-your-enthusiasm-6x03-the-ida-funkhouser-roadside-memorial,39,2,Money & exchange,0,0.0,20.68,2,0,0,0,0,0,1,1,0,1,0,0,0,0,0,0,1
51162,6,4,S06E04,The Lefty Call,2007-09-30,2007,30,8.0,Questions about Larry's bathroom habits become concern when Larry gets Richard Lewis' girlfriend a job at a place across the hall from his office. Meanwhile an incident involving a waiter and some take-out food threatens Jeff's dog.,https://www.tvmaze.com/episodes/51162/curb-your-enthusiasm-6x04-the-lefty-call,38,4,Space & access,1,2.632,43.56,3,1,0,2,1,0,1,0,0,1,0,1,0,0,1,0,0
51163,6,5,S06E05,The Freak Book,2007-10-07,2007,30,8.5,"Larry's birthday gift to Ted Danson - a coffee table book called ""Mondo Freaks"" gets him in trouble with everyone he shows the book to, which includes Ted, the limo driver, tennis star John McEnroe, a group of random mourners, and Paul McCartney's ex-wife Heather Mills.",https://www.tvmaze.com/episodes/51163/curb-your-enthusiasm-6x05-the-freak-book,46,2,Etiquette & manners,1,2.174,28.52,2,3,0,0,1,0,0,0,0,1,0,0,0,0,0,1,0
51164,6,6,S06E06,The Rat Dog,2007-10-14,2007,30,8.5,"A faulty toaster makes life difficult for Loretta and Leon. Larry repeatedly offends a hearing impaired girl about the small dog she keeps with her. Larry and Leon get their phones mixed up, and Larry traumatizes the entire audience at Sammy's middle school production of Grease when he invites Jeff's exterminator to watch the show.",https://www.tvmaze.com/episodes/51164/curb-your-enthusiasm-6x06-the-rat-dog,55,2,Etiquette & manners,1,1.818,29.6,3,1,0,0,0,0,0,0,1,1,0,1,0,1,0,0,0
51165,6,7,S06E07,The TiVo Guy,2007-10-21,2007,30,8.8,"Cheryl is finally tired of Larry being Larry after her plane encounters severe turbulence and Larry seems more concerned about a malfunctioning TV device. After Cheryl announces that she's leaving Larry, the incident quickly splits up Larry's friends, who now have to break the news to Larry as to whose side they are taking.",https://www.tvmaze.com/episodes/51165/curb-your-enthusiasm-6x07-the-tivo-guy,54,1,Relationships & loyalty,0,0.0,14.48,2,0,0,0,3,0,0,0,0,1,1,0,0,0,0,0,0
51166,6,8,S06E08,The N Word,2007-10-28,2007,30,8.9,"Larry goes to the hospital to see his new girlfriend, an orthopedist. While in the bathroom, Larry overhears one end of a very angry, horribly offensive cell phone conversation. But repeating what the man said offends another doctor - the same one who is about to perform Jeff's operation. But it only results in Jeff's head getting shaved, who now has to deal with being bald. Larry has to give testimony as Jeff prepares to sue the hospital.",https://www.tvmaze.com/episodes/51166/curb-your-enthusiasm-6x08-the-n-word,77,4,Health & body,2,2.597,55.24,2,0,0,1,1,0,0,3,1,1,0,1,0,0,0,0,0
51167,6,9,S06E09,The Therapist,2007-11-04,2007,30,9.1,"Larry devises an overly elaborate plan to win back Cheryl. He does so by trying to get on her therapist's good side. Meanwhile, Larry accuses Marty Funkhauser of taking charity money under false pretenses.",https://www.tvmaze.com/episodes/51167/curb-your-enthusiasm-6x09-the-therapist,34,3,Truth & trust,1,2.941,35.08,3,0,1,0,1,0,1,0,0,1,1,0,0,0,0,0,1
51168,6,10,S06E10,The Bat Mitzvah,2007-11-11,2007,30,9.3,"The Blacks learn some good news: they get to go home. As Larry says goodbye, he once again offends the wrong person, who takes his revenge on Larry by spreading a nasty rumor involving him and a gerbil. But thankfully Jeff's daughter's bat mitzvahs is coming up, and that provides Larry with the perfect, public opportunity to clear up that nasty rumor, as well as one more chance to patch things up with Cheryl.",https://www.tvmaze.com/episodes/51168/curb-your-enthusiasm-6x10-the-bat-mitzvah,74,5,Truth & trust,2,2.703,62.88,3,1,2,0,1,1,0,0,1,1,1,1,0,0,0,0,0
51169,7,1,S07E01,Funkhouser's Crazy Sister,2009-09-20,2009,30,8.5,"Larry attempts a preemptive breakup with an ailing Loretta, and learns with Jeff that you can't make an ""empty gesture"" to a Funkhouser.",https://www.tvmaze.com/episodes/51169/curb-your-enthusiasm-7x01-funkhousers-crazy-sister,23,0,Other social friction,0,0.0,2.76,3,0,0,0,0,0,0,0,0,1,0,1,0,0,0,0,1
51170,7,2,S07E02,Vehicular Fellatio,2009-09-27,2009,30,9.3,"Larry deliberately tries to annoy Loretta, against the advice of a renowned doctor. Later, Larry dooms Richard Lewis' new relationship, and ends up profiting from Leon's indiscretion with the wife of a depressed pal.",https://www.tvmaze.com/episodes/51170/curb-your-enthusiasm-7x02-vehicular-fellatio,34,2,Relationships & loyalty,0,0.0,20.08,3,0,0,0,1,0,0,1,0,1,0,0,0,1,1,0,0
51171,7,3,S07E03,The Reunion,2009-10-04,2009,30,8.8,"Approaching the 10 year mark, Larry and Jeff finally agree to do a Seinfeld reunion show. However, after getting a bad set of tickets to a Lakers game, he tries to call the reunion off after offending the head of NBC. Meanwhile Larry hatches a scheme to win back Cheryl by casting her as George's ex-wife.",https://www.tvmaze.com/episodes/51171/curb-your-enthusiasm-7x03-the-reunion,56,3,Relationships & loyalty,1,1.786,37.72,3,0,0,1,2,0,0,0,1,1,1,1,0,0,0,0,0
51172,7,4,S07E04,The Hot Towel,2009-10-11,2009,30,8.5,"A series of bizarre events leads Larry to get his doctor's personal phone number, but how much will Larry's doctor regret it?",https://www.tvmaze.com/episodes/51172/curb-your-enthusiasm-7x04-the-hot-towel,22,1,Health & body,0,0.0,10.64,1,0,0,0,0,0,0,2,0,1,0,0,0,0,0,0,0
51173,7,5,S07E05,Denise Handicapped,2009-10-18,2009,30,9.4,"Larry embraces the upside of disability when he courts a handicap woman to take to a recital at a friend's house, but she doesn't return the favor when Suzie throws Larry's cell phone in the ocean and Larry loses her number in the process.",https://www.tvmaze.com/episodes/51173/curb-your-enthusiasm-7x05-denise-handicapped,44,2,Identity & language,0,0.0,21.28,1,0,0,0,1,2,0,0,0,1,0,0,0,0,0,0,0
51174,7,6,S07E06,The Bare Midriff,2009-10-25,2009,30,8.8,Larry inadvertently creates a miracle when he fires his assistant for exposing her waistline around the office. Jerry gets the idea to use Larry's latest mishap as part of the upcoming Seinfeld reunion show.,https://www.tvmaze.com/episodes/51174/curb-your-enthusiasm-7x06-the-bare-midriff,34,1,Space & access,0,0.0,12.08,1,0,0,1,0,0,0,0,0,1,0,0,0,0,0,0,0
51175,7,7,S07E07,The Black Swan,2009-11-01,2009,30,8.5,Larry is forced to cover his tracks after he accidentally causes the death of a country club member and kills the club's mascot in an act of self defense.,https://www.tvmaze.com/episodes/51175/curb-your-enthusiasm-7x07-the-black-swan,29,2,Space & access,0,0.0,19.48,1,0,0,2,0,0,0,1,0,1,0,0,0,0,0,0,0
51176,7,8,S07E08,Officer Krupke,2009-11-08,2009,30,7.9,"While Cheryl competes for a role on the Seinfeld reunion, Larry is forced by Jeff to embrace his feminine side after a series of bizarre events leads Suzie to think he's having an affair.",https://www.tvmaze.com/episodes/51176/curb-your-enthusiasm-7x08-officer-krupke,34,1,Relationships & loyalty,0,0.0,12.08,3,0,0,0,2,0,0,0,0,1,1,1,0,0,0,0,0
51177,7,9,S07E09,The Table Read,2009-11-15,2009,30,9.0,"Rehearsals for the Seinfeld reunion show get complicated when Larry's text message exchange with a 9 year old Seinfeld fan lands him in trouble with the local authorities. Meanwhile, Leon tries to fool Michael Richards.",https://www.tvmaze.com/episodes/51177/curb-your-enthusiasm-7x09-the-table-read,34,0,Other social friction,1,2.941,11.08,3,0,0,0,0,0,0,0,0,1,0,0,0,1,1,0,0
51178,7,10,S07E10,Seinfeld,2009-11-22,2009,45,9.0,Taping the Seinfeld reunion proves to be difficult after Larry's fight with a local coffee vendor alienates Jason Alexander and costs him quality time with Cheryl.,https://www.tvmaze.com/episodes/51178/curb-your-enthusiasm-7x10-seinfeld,26,1,Relationships & loyalty,1,3.846,18.12,2,0,0,0,1,0,0,0,0,1,1,0,0,0,0,0,0
51179,8,1,S08E01,The Divorce,2011-07-10,2011,30,7.7,"Larry learns his lawyer isn't kosher, and rescinds a cookie order from the Girl Scout daughter of a beleaguered sports owner.",https://www.tvmaze.com/episodes/51179/curb-your-enthusiasm-8x01-the-divorce,21,0,Other social friction,0,0.0,2.52,1,0,0,0,0,0,0,0,0,1,0,0,0,0,0,0,0
51180,8,2,S08E02,The Safe House,2011-07-17,2011,30,7.8,Larry becomes an unlikely role model for battered women; Richard Lewis's relationship with a burlesque performer is put to the test; Leon survives a case of mistaken identity.,https://www.tvmaze.com/episodes/51180/curb-your-enthusiasm-8x02-the-safe-house,28,1,Identity & language,0,0.0,11.36,3,0,0,0,0,1,0,0,0,1,0,0,0,1,1,0,0
51181,8,3,S08E03,Palestinian Chicken,2011-07-24,2011,30,8.4,"Larry plays ""social assassin"" to the hilt at a dinner party, on the golf course, and at a Palestinian restaurant with chicken to die for.",https://www.tvmaze.com/episodes/51181/curb-your-enthusiasm-8x03-palestinian-chicken,25,3,Etiquette & manners,0,0.0,27.0,1,2,0,2,0,0,1,0,0,1,0,0,0,0,0,0,0
51182,8,4,S08E04,The Smiley Face,2011-07-31,2011,30,7.4,"Larry vows to topple a sacred dating taboo, and regrets making concessions to his new office neighbor; Jeffʼs alibi to get out of a dinner backfires.",https://www.tvmaze.com/episodes/51182/curb-your-enthusiasm-8x04-the-smiley-face,27,4,Etiquette & manners,1,3.704,47.24,2,1,1,1,1,0,0,0,0,1,0,1,0,0,0,0,0
51183,8,5,S08E05,Vow of Silence,2011-08-07,2011,30,7.9,"A friend who has taken a vow of silence creates a stir at multiple parties, Larry eats Jeff's dog's last meal, and Richard Lewis is snubbed meeting Larry for lunch.",https://www.tvmaze.com/episodes/51183/curb-your-enthusiasm-8x05-vow-of-silence,30,1,Relationships & loyalty,0,0.0,11.6,3,0,0,0,1,0,0,0,0,1,0,1,0,0,1,0,0
51184,8,6,S08E06,The Hero,2011-08-14,2011,30,8.0,"Larry accidentally becomes a hero on the flight to New York, earning him the respect of the woman sitting next to him on the plane. It backfires when Jeff and Suzie try to court Ricky Gervais.",https://www.tvmaze.com/episodes/51184/curb-your-enthusiasm-8x06-the-hero,36,1,Reputation & status,1,2.778,24.32,2,0,0,0,0,0,0,0,2,1,0,1,0,0,0,0,0
51185,8,7,S08E07,The Bi-Sexual,2011-08-21,2011,30,7.9,"Larry and Rosie O'Donnell try to court the same woman. Larry takes Leon's advice, which gives him an advantage, but he finds it doesn't always work in the long run.",https://www.tvmaze.com/episodes/51185/curb-your-enthusiasm-8x07-the-bi-sexual,30,1,Money & exchange,0,0.0,11.6,2,0,0,0,0,0,1,0,0,1,0,0,0,1,0,0,0
51186,8,8,S08E08,Car Periscope,2011-08-28,2011,30,8.0,Larry and Jeff weigh an investment opportunity; Wanda Sykes preempts Larry's training schedule.,https://www.tvmaze.com/episodes/51186/curb-your-enthusiasm-8x08-car-periscope,13,0,Other social friction,0,0.0,1.56,2,0,0,0,0,0,0,0,0,1,0,1,0,0,0,0,0
51187,8,9,S08E09,Mister Softee,2011-09-04,2011,30,7.6,"An ice-cream truck triggers a painful childhood memory for Larry that impacts a softball title game, a therapist's fees, Bill Buckner's legacy, and his new girlfriend's travel preferences.",https://www.tvmaze.com/episodes/51187/curb-your-enthusiasm-8x09-mister-softee,29,2,Relationships & loyalty,0,0.0,19.48,1,0,0,0,1,0,1,0,0,1,0,0,0,0,0,0,0
51188,8,10,S08E10,Larry vs. Michael J. Fox,2011-09-11,2011,30,8.9,"In the Season Eight finale, Larry accuses NY neighbor Michael J. Fox of harassment; Jeff takes a bullet for Susie; and Larry is scolded for giving an inappropriate birthday gift to Jennifer's son, Greg.",https://www.tvmaze.com/episodes/51188/curb-your-enthusiasm-8x10-larry-vs-michael-j-fox,34,2,Etiquette & manners,1,2.941,27.08,3,2,1,0,0,0,0,0,0,1,0,1,1,0,0,0,0
1244898,9,1,S09E01,Foisted!,2017-10-01,2017,30,8.4,"Larry tries to rid himself of an inept assistant, offends Jeff's barber and gets into hot water over a new project.",https://www.tvmaze.com/episodes/1244898/curb-your-enthusiasm-9x01-foisted,21,1,Reputation & status,1,4.762,17.52,2,0,0,0,0,0,0,0,1,1,0,1,0,0,0,0,0
1277773,9,2,S09E02,The Pickle Gambit,2017-10-08,2017,30,7.8,"Larry reaches out to a familiar face, gives a hotel guest sartorial advice and looks to create a diversion to help a friend's nephew.",https://www.tvmaze.com/episodes/1277773/curb-your-enthusiasm-9x02-the-pickle-gambit,24,3,Etiquette & manners,0,0.0,26.88,1,1,0,1,1,0,0,0,0,1,0,0,0,0,0,0,0
1308987,9,3,S09E03,A Disturbance in the Kitchen,2017-10-15,2017,30,8.2,"Larry turns to a writer for advice. Searching for Susie's missing ""little sister,"" he gets ticketed by an overzealous cop.",https://www.tvmaze.com/episodes/1308987/curb-your-enthusiasm-9x03-a-disturbance-in-the-kitchen,20,1,Space & access,0,0.0,10.4,2,0,0,1,0,0,0,0,0,1,0,0,1,0,0,0,0
1308988,9,4,S09E04,Running with the Bulls,2017-10-22,2017,30,7.6,Larry's therapist accuses him of overstepping; Susie grows suspicious of Jeff; Larry bribes an usher at a funeral.,https://www.tvmaze.com/episodes/1308988/curb-your-enthusiasm-9x04-running-with-the-bulls,18,3,Etiquette & manners,1,5.556,33.16,3,1,1,0,0,0,0,1,0,1,0,1,1,0,0,0,0
1308989,9,5,S09E05,Thank You for Your Service,2017-10-29,2017,30,7.8,"Larry commits a faux pas with Sammi's fiance, and tries to start over with his mail carrier and golf club security guard.",https://www.tvmaze.com/episodes/1308989/curb-your-enthusiasm-9x05-thank-you-for-your-service,22,1,Space & access,0,0.0,10.64,1,0,0,3,0,0,0,0,0,1,0,0,0,0,0,0,0
1339807,9,6,S09E06,The Accidental Text on Purpose,2017-11-05,2017,30,8.6,Larry invents a clever ploy for getting his friends out of relationship jams; Larry upsets Funkhouser's new girlfriend.,https://www.tvmaze.com/episodes/1339807/curb-your-enthusiasm-9x06-the-accidental-text-on-purpose,18,1,Relationships & loyalty,1,5.556,17.16,2,0,0,0,2,0,0,0,0,1,0,0,0,0,0,0,1
1339808,9,7,S09E07,Namaste,2017-11-12,2017,30,7.8,"Larry angers a hot yoga teacher, has an auspicious first date and seethes over a run-in with an unfair Uber driver.",https://www.tvmaze.com/episodes/1339808/curb-your-enthusiasm-9x07-namaste,22,1,Relationships & loyalty,0,0.0,10.64,1,0,0,0,1,0,0,0,0,1,0,0,0,0,0,0,0
1339809,9,8,S09E08,Never Wait for Seconds!,2017-11-19,2017,30,7.8,Bridget asks Larry for a favor on behalf of her son. Larry earns unexpected gratitude in a buffet line.,https://www.tvmaze.com/episodes/1339809/curb-your-enthusiasm-9x08-never-wait-for-seconds,19,1,Space & access,0,0.0,10.28,1,0,0,1,0,0,0,0,0,1,0,0,0,0,0,0,0
1347543,9,9,S09E09,The Shucker,2017-11-26,2017,45,7.8,Larry is blackmailed by an employee and tormented by someone from his past. Jeff and Larry pitch a new creative venture.,https://www.tvmaze.com/episodes/1347543/curb-your-enthusiasm-9x09-the-shucker,21,1,Identity & language,0,0.0,10.52,2,0,0,0,0,1,0,0,0,1,0,1,0,0,0,0,0
1347544,9,10,S09E10,Fatwa!,2017-12-03,2017,50,7.8,"In the Season 9 finale, Larry has a scheduling conflict; takes issue with work associates; and hosts a pair of ungrateful houseguests.",https://www.tvmaze.com/episodes/1347544/curb-your-enthusiasm-9x10-fatwa,21,1,Money & exchange,1,4.762,17.52,1,0,0,0,0,0,1,0,0,1,0,0,0,0,0,0,0
1773091,10,1,S10E01,Happy New Year,2020-01-19,2020,37,9.1,"Larry kicks off the new year with a new rival--Mocha Joe. Later, at a cocktail party hosted by Jeff and Susie, Larry gets roped into lunch plans and has a misunderstanding with a caterer.",https://www.tvmaze.com/episodes/1773091/curb-your-enthusiasm-10x01-happy-new-year,35,1,Etiquette & manners,1,2.857,24.2,3,1,0,0,0,0,0,0,0,1,0,1,1,0,0,0,0
1787363,10,2,S10E02,Side Sitting,2020-01-26,2020,34,8.5,"Larry's lawyer tries to resolve the situation with his assistant, Alice. Larry surprises Susie with an impressive birthday gift and comes one step closer to exacting revenge on Mocha Joe.",https://www.tvmaze.com/episodes/1787363/curb-your-enthusiasm-10x02-side-sitting,30,1,Etiquette & manners,1,3.333,18.6,2,2,0,0,0,0,0,0,0,1,0,0,1,0,0,0,0
1787364,10,3,S10E03,Artificial Fruit,2020-02-02,2020,38,8.5,Larry drops the ball when he gets the chance to make amends with Alice. Larry and Richard go to extreme lengths for their upcoming lunch date.,https://www.tvmaze.com/episodes/1787364/curb-your-enthusiasm-10x03-artificial-fruit,26,1,Relationships & loyalty,0,0.0,11.12,2,0,0,0,1,0,0,0,0,1,0,0,0,0,1,0,0
1787365,10,4,S10E04,You're Not Going to Get Me to Say Anything Bad About Mickey,2020-02-09,2020,45,8.0,"Travel plans go awry when Larry brings an impromptu date to a destination wedding. At the hotel, Larry finds himself in a sticky situation when he goes searching for a toothbrush.",https://www.tvmaze.com/episodes/1787365/curb-your-enthusiasm-10x04-youre-not-going-to-get-me-to-say-anything-bad-about-mickey,31,3,Etiquette & manners,0,0.0,27.72,1,1,0,1,1,0,0,0,0,1,0,0,0,0,0,0,0
1787366,10,5,S10E05,Insufficient Praise,2020-02-16,2020,38,8.1,"Larry receives a problematic gift from Freddy Funkhouser, causes trouble with Richard's new girlfriend, and offends one of Jeff's A-list clients.",https://www.tvmaze.com/episodes/1787366/curb-your-enthusiasm-10x05-insufficient-praise,22,3,Etiquette & manners,2,9.091,40.64,4,1,0,0,1,0,0,0,1,1,0,1,0,0,1,0,1
1791745,10,6,S10E06,The Surprise Party,2020-02-23,2020,38,8.2,"When Susie plans a surprise party for Jeff, Larry suspects she has ulterior motives, and enlists the help of his new friend Wally to ensure things don't go awry. Larry connects with a problematic inventor to develop an innovative new product.",https://www.tvmaze.com/episodes/1791745/curb-your-enthusiasm-10x06-the-surprise-party,41,3,Etiquette & manners,0,0.0,28.92,3,1,1,0,1,0,0,0,0,1,0,1,1,0,0,0,0
1791746,10,7,S10E07,The Ugly Section,2020-03-01,2020,30,8.6,"Larry attempts to capitalize on a friend's unexpected death and takes issue with a pattern of discrimination at a trendy restaurant. Later, Larry offers his dermatologist's son a job and Richard has a suspiciously good day on the golf course.",https://www.tvmaze.com/episodes/1791746/curb-your-enthusiasm-10x07-the-ugly-section,40,4,Space & access,0,0.0,36.8,2,0,0,2,1,0,2,1,0,1,0,0,0,0,1,0,0
1798401,10,8,S10E08,"Elizabeth, Margaret and Larry",2020-03-08,2020,30,8.7,"A prominent actor shadows Larry to prepare for an upcoming role. Larry meddles in the sale of Cheryl's sister's house, helps Leon grow a new business and stirs up trouble at a dinner party hosted by Richard's girlfriend.",https://www.tvmaze.com/episodes/1798401/curb-your-enthusiasm-10x08-elizabeth-margaret-and-larry,38,3,Etiquette & manners,1,2.632,35.56,4,2,0,0,2,0,1,0,0,1,1,0,0,1,1,0,0
1798402,10,9,S10E09,Beep Panic,2020-03-15,2020,30,7.9,Mocha Joe hatches a plan to sabotage his adversary. Larry develops a debilitating habit and takes pity on a waitress. Richard prepares for a career-defining role.,https://www.tvmaze.com/episodes/1798402/curb-your-enthusiasm-10x09-beep-panic,27,1,Space & access,0,0.0,11.24,2,0,0,1,0,0,0,0,0,1,0,0,0,0,1,0,0
1801158,10,10,S10E10,The Spite Store,2020-03-22,2020,40,8.7,"Larry runs into an unwelcome familiar face, seeks a second opinion on his knee injury and causes a rift between expectant parents.",https://www.tvmaze.com/episodes/1801158/curb-your-enthusiasm-10x10-the-spite-store,22,2,Relationships & loyalty,0,0.0,18.64,1,0,0,0,1,0,0,1,0,1,0,0,0,0,0,0,0
2174624,11,1,S11E01,The Five-Foot Fence,2021-10-24,2021,42,8.7,"A discovery in Larry's backyard threatens to derail his latest creative venture, while a clumsy mishap threatens the future of his latest romance. Albert Brooks hosts an unprecedented event, and Leon makes arrangements for an upcoming trip.",https://www.tvmaze.com/episodes/2174624/curb-your-enthusiasm-11x01-the-five-foot-fence,37,0,Other social friction,2,5.405,18.44,2,0,0,0,0,0,0,0,0,1,0,0,0,1,0,0,0
2182880,11,2,S11E02,Angel Muffin,2021-10-31,2021,36,7.7,"Larry is forced to attend an ill-fated work meeting and investigates the truth behind a faulty toilet. Determined to unravel a mystery of his own, Jeff employs Larry's detective skills.",https://www.tvmaze.com/episodes/2182880/curb-your-enthusiasm-11x02-angel-muffin,31,1,Money & exchange,0,0.0,11.72,2,0,0,0,0,0,1,0,0,1,0,1,0,0,0,0,0
2193941,11,3,S11E03,The Mini Bar,2021-11-07,2021,37,8.0,"In a last-ditch effort, Larry enlists Cheryl's help with a project and, later, concocts a plan that could finally save his newest creative venture.",https://www.tvmaze.com/episodes/2193941/curb-your-enthusiasm-11x03-the-mini-bar,25,1,Relationships & loyalty,0,0.0,11.0,2,0,0,0,1,0,0,0,0,1,1,0,0,0,0,0,0
2193942,11,4,S11E04,The Watermelon,2021-11-14,2021,39,8.2,"After agreeing to take Susie's new rabbi golfing, Larry then cashes in on her favor. Later, Larry's appeal to Woody Harrelson's animal rights activism comes with unexpected consequences.",https://www.tvmaze.com/episodes/2193942/curb-your-enthusiasm-11x04-the-watermelon,28,1,Space & access,0,0.0,11.36,2,0,0,1,0,0,0,0,0,1,0,0,1,0,0,0,0
2193943,11,5,S11E05,IRASSHAIMASE!,2021-11-21,2021,35,8.3,"After enlisting both Jeff and Freddy's help for the occasion, Larry's hot date quickly goes south.",https://www.tvmaze.com/episodes/2193943/curb-your-enthusiasm-11x05-irasshaimase,16,1,Relationships & loyalty,0,0.0,9.92,2,0,0,0,1,0,0,0,0,1,0,1,0,0,0,0,0
2200225,11,6,S11E06,Man Fights Tiny Woman,2021-11-28,2021,35,8.1,"Larry navigates the complexities of requesting a new chauffeur, letting his roofer do his job, and imparting some constructive criticism to his chiropractor.",https://www.tvmaze.com/episodes/2200225/curb-your-enthusiasm-11x06-man-fights-tiny-woman,23,1,Money & exchange,0,0.0,10.76,1,0,0,0,0,0,1,0,0,1,0,0,0,0,0,0,0
2205272,11,7,S11E07,Irma Kostroski,2021-12-05,2021,33,7.8,"Ahead of Election Day, Larry befriends City Councilwoman Irma Kostroski while mediating a conflict between a difficult actor and his prop master.",https://www.tvmaze.com/episodes/2205272/curb-your-enthusiasm-11x07-irma-kostroski,22,0,Other social friction,1,4.545,9.64,1,0,0,0,0,0,0,0,0,1,0,0,0,0,0,0,0
2216470,11,8,S11E08,What Have I Done?,2021-12-12,2021,41,8.0,Larry does damage control to remain in Irma's good graces while encouraging Leon to monetize his knack for husbandly counsel.,https://www.tvmaze.com/episodes/2216470/curb-your-enthusiasm-11x08-what-have-i-done,20,1,Relationships & loyalty,0,0.0,10.4,2,0,0,0,1,0,0,0,0,1,0,0,0,1,0,0,0
2216471,11,9,S11E09,"Igor, Gregor, & Timor",2021-12-19,2021,35,7.1,Larry does the right thing (and regrets it) while seizing an unprecedented opportunity to avoid Irma. Jeff seeks out a pricey peace offering for Susie.,https://www.tvmaze.com/episodes/2216471/curb-your-enthusiasm-11x09-igor-gregor-timor,25,0,Other social friction,0,0.0,3.0,3,0,0,0,0,0,0,0,0,1,0,1,1,0,0,0,0
2216472,11,10,S11E10,The Mormon Advantage,2021-12-26,2021,39,7.9,"With the city council vote rapidly approaching, Larry gives some unsolicited marriage advice and hosts an event for an American hero.",https://www.tvmaze.com/episodes/2216472/curb-your-enthusiasm-11x10-the-mormon-advantage,21,2,Relationships & loyalty,0,0.0,18.52,1,0,0,0,1,0,0,0,1,1,0,0,0,0,0,0,0
2714239,12,1,S12E01,Atlanta,2024-02-04,2024,35,7.8,"Larry heads to Georgia to appear at the birthday party of a prominent businessman. Leon visits his Auntie Rae. Later, Larry has some trouble with his glasses and faces off with a surly hotel cleaner",https://www.tvmaze.com/episodes/2714239/curb-your-enthusiasm-12x01-atlanta,35,3,Etiquette & manners,1,2.857,35.2,2,2,0,1,0,0,1,0,0,1,0,0,0,1,0,0,0
2749879,12,2,S12E02,The Lawn Jockey,2024-02-11,2024,35,7.2,"Still in Atlanta, Larry finds himself stuck at a rental home with a questionable lawn ornament. Meanwhile Jeff pays the price for taking Larry's advice for Susie's birthday gift.",https://www.tvmaze.com/episodes/2749879/curb-your-enthusiasm-12x02-the-lawn-jockey,29,2,Etiquette & manners,0,0.0,19.48,3,2,0,0,0,0,1,0,0,1,0,1,1,0,0,0,0
2757475,12,3,S12E03,"Vertical Drop, Horizontal Tug",2024-02-18,2024,30,7.9,Larry's improved golf game causes trouble with an acclaimed actor. Freddy helps his neighbours through a delicate issue.,https://www.tvmaze.com/episodes/2757475/curb-your-enthusiasm-12x03-vertical-drop-horizontal-tug,18,1,Space & access,1,5.556,17.16,1,0,0,1,0,0,0,0,0,1,0,0,0,0,0,0,0
2764578,12,4,S12E04,Disgruntled,2024-02-25,2024,30,7.6,Larry finds himself in Takahashi's crosshairs after a note is found in the men's locker room. Tensions mount when Larry and Irma's couple's counselor crosses a professional line.,https://www.tvmaze.com/episodes/2764578/curb-your-enthusiasm-12x04-disgruntled,28,1,Space & access,1,3.571,18.36,1,0,0,1,0,0,0,0,0,1,0,0,0,0,0,0,0
2768789,12,5,S12E05,Fish Stuck,2024-03-03,2024,30,7.7,"After an incident at temple, Larry asks his friends to vouch for his character while also trying to help name a baby and care for a fish.",https://www.tvmaze.com/episodes/2768789/curb-your-enthusiasm-12x05-fish-stuck,27,2,Space & access,0,0.0,19.24,1,0,0,1,1,0,0,0,0,1,0,0,0,0,0,0,0
2774810,12,6,S12E06,The Gettysburg Address,2024-03-10,2024,30,8.0,"Larry tries to make better use of the time he spends in the bathroom, while Susie starts a new business and her advertising has unexpected results. Later, Larry gives acting advice to an A-list actress.",https://www.tvmaze.com/episodes/2774810/curb-your-enthusiasm-12x06-the-gettysburg-address,36,2,Space & access,0,0.0,20.32,2,0,0,1,0,0,1,0,0,1,0,0,1,0,0,0,0
2783285,12,7,S12E07,The Dream Scheme,2024-03-17,2024,30,7.4,"An acquaintance from the club asks too much of Larry, while Jeff and Freddy both use Larry's tactics to get out of unwanted obligations of their own.",https://www.tvmaze.com/episodes/2783285/curb-your-enthusiasm-12x07-the-dream-scheme,27,1,Space & access,0,0.0,11.24,2,0,0,1,0,0,0,0,0,1,0,1,0,0,0,0,0
2790520,12,8,S12E08,The Colostomy Bag,2024-03-24,2024,30,7.5,"When Richard enlists Larry's help to buy a vintage car, his careless behaviour leads to an unwanted outcome, while Jeff secretly schemes to give Larry power of attorney.",https://www.tvmaze.com/episodes/2790520/curb-your-enthusiasm-12x08-the-colostomy-bag,28,3,Space & access,0,0.0,27.36,3,0,1,2,0,0,1,0,0,1,0,1,0,0,1,0,0
2794680,12,9,S12E09,Ken/Kendra,2024-03-31,2024,30,8.1,"A misunderstanding with Cheryl's masseuse threatens Larry's image, then public perception of him sinks even lower when he gives the wrong person Covid-19.",https://www.tvmaze.com/episodes/2794680/curb-your-enthusiasm-12x09-kenkendra,23,1,Relationships & loyalty,2,8.696,29.76,2,0,0,0,1,0,0,0,0,1,1,0,0,0,0,0,0
2800200,12,10,S12E10,No Lessons Learned,2024-04-07,2024,60,8.9,"Larry returns to Atlanta, where he gets involved in Richard's love life and reveals a secret about Cheryl.",https://www.tvmaze.com/episodes/2800200/curb-your-enthusiasm-12x10-no-lessons-learned,18,2,Relationships & loyalty,0,0.0,18.16,3,0,1,0,2,0,0,0,0,1,1,0,0,0,1,0,0
